{"stats":{"minecraft:mined":{"minecraft:white_bed":5,"minecraft:deepslate_diamond_ore":17,"minecraft:crafting_table":3,"minecraft:granite":7,"minecraft:short_grass":8,"minecraft:tall_grass":7,"minecraft:cobblestone":13,"minecraft:deepslate_gold_ore":35,"minecraft:furnace":1,"minecraft:iron_ore":18,"minecraft:cobbled_deepslate":1,"minecraft:coal_ore":36,"minecraft:oak_log":10,"minecraft:deepslate_iron_ore":20,"minecraft:dirt":1,"minecraft:stone":104,"minecraft:gold_ore":3,"minecraft:oak_leaves":2,"minecraft:deepslate":26},"minecraft:custom":{"minecraft:interact_with_furnace":21,"minecraft:mob_kills":20,"minecraft:interact_with_crafting_table":13,"minecraft:leave_game":1,"minecraft:time_since_death":49517,"minecraft:sleep_in_bed":3,"minecraft:time_since_rest":8897,"minecraft:sprint_one_cm":87478,"minecraft:damage_taken":487,"minecraft:walk_one_cm":128824,"minecraft:damage_blocked_by_shield":313,"minecraft:drop":3,"minecraft:damage_dealt":3176,"minecraft:swim_one_cm":250,"minecraft:fly_one_cm":71555,"minecraft:crouch_one_cm":12679,"minecraft:play_time":49517,"minecraft:sneak_time":5505,"minecraft:walk_under_water_one_cm":1167,"minecraft:jump":789,"minecraft:walk_on_water_one_cm":2514,"minecraft:total_world_time":49517,"minecraft:fall_one_cm":18174},"minecraft:crafted":{"minecraft:cooked_beef":2,"minecraft:oak_planks":40,"minecraft:cooked_porkchop":2,"minecraft:diamond_axe":1,"minecraft:crafting_table":1,"minecraft:iron_helmet":1,"minecraft:wooden_pickaxe":1,"minecraft:cooked_chicken":2,"minecraft:furnace":1,"minecraft:bucket":1,"minecraft:stone_axe":1,"minecraft:cooked_mutton":6,"minecraft:air":0,"minecraft:iron_boots":1,"minecraft:iron_chestplate":1,"minecraft:shield":1,"minecraft:stick":12,"minecraft:iron_ingot":25,"minecraft:iron_pickaxe":1,"minecraft:stone_pickaxe":1,"minecraft:gold_ingot":3,"minecraft:white_bed":1},"minecraft:used":{"minecraft:cooked_mutton":1,"minecraft:stone_pickaxe":131,"minecraft:wooden_pickaxe":6,"minecraft:shield":9,"minecraft:diamond_axe":13,"minecraft:cooked_chicken":2,"minecraft:torch":33,"minecraft:glow_berries":10,"minecraft:dirt":1,"minecraft:crafting_table":3,"minecraft:white_bed":5,"minecraft:granite":5,"minecraft:iron_pickaxe":145,"minecraft:stone_axe":20,"minecraft:cobblestone":76,"minecraft:furnace":1,"minecraft:cooked_beef":2,"minecraft:cobbled_deepslate":8},"minecraft:dropped":{"minecraft:stone_axe":1,"minecraft:wooden_pickaxe":1,"minecraft:iron_pickaxe":1},"minecraft:broken":{"minecraft:stone_pickaxe":1},"minecraft:killed":{"minecraft:cave_spider":1,"minecraft:pig":1,"minecraft:creeper":1,"minecraft:sheep":3,"minecraft:skeleton":5,"minecraft:zombie":6,"minecraft:chicken":2,"minecraft:cow":1},"minecraft:picked_up":{"minecraft:crafting_table":3,"minecraft:feather":3,"minecraft:chicken":2,"minecraft:oak_log":10,"minecraft:string":11,"minecraft:dirt":1,"minecraft:bone":9,"minecraft:wheat_seeds":1,"minecraft:cobbled_deepslate":30,"minecraft:raw_gold":38,"minecraft:beef":2,"minecraft:iron_pickaxe":1,"minecraft:furnace":1,"minecraft:raw_iron":37,"minecraft:porkchop":2,"minecraft:white_bed":5,"minecraft:arrow":6,"minecraft:rotten_flesh":7,"minecraft:diamond":17,"minecraft:granite":7,"minecraft:mutton":6,"minecraft:coal":36,"minecraft:white_wool":3,"minecraft:cobblestone":116}},"DataVersion":3700}