{"stats":{"minecraft:crafted":{"minecraft:oak_planks":40,"minecraft:crafting_table":1,"minecraft:stick":8,"minecraft:wooden_pickaxe":1,"minecraft:stone_pickaxe":1,"minecraft:white_bed":1,"minecraft:stone_axe":1},"minecraft:mined":{"minecraft:white_bed":1,"minecraft:iron_ore":10,"minecraft:crafting_table":1,"minecraft:short_grass":8,"minecraft:oak_log":10,"minecraft:coal_ore":36,"minecraft:dirt":1,"minecraft:tall_grass":7,"minecraft:stone":32,"minecraft:oak_leaves":2},"minecraft:custom":{"minecraft:time_since_rest":5133,"minecraft:sprint_one_cm":13739,"minecraft:damage_taken":40,"minecraft:walk_one_cm":20016,"minecraft:mob_kills":7,"minecraft:damage_dealt":520,"minecraft:swim_one_cm":250,"minecraft:interact_with_crafting_table":3,"minecraft:fly_one_cm":24790,"minecraft:crouch_one_cm":1666,"minecraft:play_time":13517,"minecraft:sneak_time":621,"minecraft:walk_under_water_one_cm":1167,"minecraft:jump":221,"minecraft:leave_game":1,"minecraft:walk_on_water_one_cm":2514,"minecraft:time_since_death":13517,"minecraft:sleep_in_bed":1,"minecraft:total_world_time":13517,"minecraft:fall_one_cm":6766},"minecraft:used":{"minecraft:stone_pickaxe":72,"minecraft:wooden_pickaxe":6,"minecraft:stone_axe":1,"minecraft:dirt":1,"minecraft:crafting_table":1,"minecraft:white_bed":1},"minecraft:killed":{"minecraft:sheep":3,"minecraft:pig":1,"minecraft:chicken":2,"minecraft:cow":1},"minecraft:picked_up":{"minecraft:raw_iron":10,"minecraft:crafting_table":1,"minecraft:feather":3,"minecraft:chicken":2,"minecraft:porkchop":2,"minecraft:oak_log":10,"minecraft:white_bed":1,"minecraft:dirt":1,"minecraft:wheat_seeds":1,"minecraft:beef":2,"minecraft:mutton":6,"minecraft:coal":36,"minecraft:white_wool":3,"minecraft:cobblestone":32}},"DataVersion":3700}