{"stats":{"minecraft:mined":{"minecraft:white_bed":5,"minecraft:deepslate_diamond_ore":18,"minecraft:amethyst_cluster":1,"minecraft:oak_fence":7,"minecraft:crafting_table":7,"minecraft:torch":5,"minecraft:granite":7,"minecraft:budding_amethyst":1,"minecraft:short_grass":9,"minecraft:calcite":3,"minecraft:tall_grass":7,"minecraft:cobblestone":13,"minecraft:deepslate_gold_ore":41,"minecraft:oak_planks":7,"minecraft:amethyst_block":320,"minecraft:furnace":2,"minecraft:iron_ore":18,"minecraft:cobbled_deepslate":6,"minecraft:deepslate_lapis_ore":9,"minecraft:coal_ore":36,"minecraft:oak_log":10,"minecraft:deepslate_iron_ore":25,"minecraft:dirt":1,"minecraft:cobweb":65,"minecraft:smooth_basalt":2,"minecraft:stone":104,"minecraft:gold_ore":3,"minecraft:oak_leaves":2,"minecraft:deepslate":57},"minecraft:custom":{"minecraft:interact_with_furnace":36,"minecraft:mob_kills":37,"minecraft:interact_with_crafting_table":17,"minecraft:leave_game":1,"minecraft:time_since_death":38252,"minecraft:sleep_in_bed":3,"minecraft:time_since_rest":38320,"minecraft:sprint_one_cm":158009,"minecraft:damage_taken":1274,"minecraft:walk_one_cm":238725,"minecraft:damage_blocked_by_shield":1493,"minecraft:drop":7,"minecraft:damage_dealt":6065,"minecraft:swim_one_cm":11625,"minecraft:fly_one_cm":127562,"minecraft:crouch_one_cm":14892,"minecraft:play_time":91517,"minecraft:deaths":1,"minecraft:sneak_time":6353,"minecraft:walk_under_water_one_cm":6730,"minecraft:jump":1343,"minecraft:walk_on_water_one_cm":5789,"minecraft:total_world_time":91517,"minecraft:fall_one_cm":27649},"minecraft:crafted":{"minecraft:cooked_beef":2,"minecraft:oak_planks":40,"minecraft:cooked_porkchop":2,"minecraft:diamond_axe":1,"minecraft:crafting_table":1,"minecraft:iron_helmet":1,"minecraft:wooden_pickaxe":1,"minecraft:cooked_chicken":2,"minecraft:iron_sword":1,"minecraft:furnace":1,"minecraft:bucket":1,"minecraft:stone_axe":1,"minecraft:cooked_mutton":6,"minecraft:air":0,"minecraft:iron_boots":1,"minecraft:iron_chestplate":1,"minecraft:shield":1,"minecraft:stick":24,"minecraft:iron_ingot":39,"minecraft:iron_pickaxe":2,"minecraft:stone_pickaxe":1,"minecraft:stone_sword":1,"minecraft:iron_leggings":1,"minecraft:gold_ingot":44,"minecraft:white_bed":1,"minecraft:torch":36},"minecraft:used":{"minecraft:oak_fence":6,"minecraft:cooked_mutton":6,"minecraft:stone_sword":70,"minecraft:powered_rail":1,"minecraft:stone_pickaxe":131,"minecraft:oak_planks":4,"minecraft:wooden_pickaxe":6,"minecraft:shield":95,"minecraft:iron_sword":3,"minecraft:diamond_axe":69,"minecraft:rotten_flesh":3,"minecraft:cooked_chicken":2,"minecraft:torch":63,"minecraft:glow_berries":12,"minecraft:dirt":1,"minecraft:crafting_table":7,"minecraft:white_bed":5,"minecraft:tuff":1,"minecraft:granite":5,"minecraft:lava_bucket":3,"minecraft:iron_pickaxe":531,"minecraft:iron_boots":1,"minecraft:stone_axe":20,"minecraft:cobblestone":83,"minecraft:furnace":2,"minecraft:cooked_porkchop":2,"minecraft:bucket":4,"minecraft:egg":1,"minecraft:cooked_beef":2,"minecraft:cobbled_deepslate":18,"minecraft:iron_leggings":1},"minecraft:dropped":{"minecraft:stone_axe":1,"minecraft:wheat_seeds":1,"minecraft:spider_eye":4,"minecraft:calcite":3,"minecraft:wooden_pickaxe":1,"minecraft:iron_pickaxe":1},"minecraft:killed_by":{"minecraft:cave_spider":1},"minecraft:broken":{"minecraft:stone_pickaxe":1,"minecraft:stone_sword":1,"minecraft:iron_pickaxe":2},"minecraft:killed":{"minecraft:cave_spider":10,"minecraft:pig":1,"minecraft:creeper":2,"minecraft:sheep":3,"minecraft:skeleton":6,"minecraft:zombie":12,"minecraft:chicken":2,"minecraft:cow":1},"minecraft:picked_up":{"minecraft:iron_chestplate":1,"minecraft:crafting_table":8,"minecraft:feather":6,"minecraft:chicken":2,"minecraft:tuff":2,"minecraft:oak_log":10,"minecraft:amethyst_block":320,"minecraft:gunpowder":2,"minecraft:shield":1,"minecraft:lapis_lazuli":58,"minecraft:string":96,"minecraft:dirt":1,"minecraft:name_tag":1,"minecraft:cooked_mutton":4,"minecraft:bone":20,"minecraft:wheat_seeds":2,"minecraft:cobbled_deepslate":90,"minecraft:raw_gold":79,"minecraft:iron_ingot":6,"minecraft:beef":2,"minecraft:calcite":6,"minecraft:iron_pickaxe":3,"minecraft:powered_rail":1,"minecraft:oak_planks":25,"minecraft:iron_boots":1,"minecraft:egg":1,"minecraft:furnace":3,"minecraft:stick":2,"minecraft:raw_iron":56,"minecraft:smooth_basalt":2,"minecraft:cooked_porkchop":2,"minecraft:oak_fence":6,"minecraft:torch":19,"minecraft:lava_bucket":1,"minecraft:porkchop":2,"minecraft:amethyst_shard":4,"minecraft:white_bed":6,"minecraft:spider_eye":4,"minecraft:arrow":16,"minecraft:rotten_flesh":23,"minecraft:diamond":35,"minecraft:iron_helmet":1,"minecraft:diamond_axe":1,"minecraft:granite":9,"minecraft:golden_apple":1,"minecraft:gold_ingot":3,"minecraft:glow_berries":1,"minecraft:mutton":6,"minecraft:coal":115,"minecraft:white_wool":3,"minecraft:cobblestone":135}},"DataVersion":3700}