{"stats":{"minecraft:mined":{"minecraft:white_bed":2,"minecraft:deepslate_diamond_ore":11,"minecraft:crafting_table":1,"minecraft:granite":7,"minecraft:short_grass":8,"minecraft:tall_grass":7,"minecraft:cobblestone":4,"minecraft:deepslate_gold_ore":12,"minecraft:iron_ore":18,"minecraft:cobbled_deepslate":1,"minecraft:coal_ore":36,"minecraft:oak_log":10,"minecraft:deepslate_iron_ore":7,"minecraft:dirt":1,"minecraft:stone":104,"minecraft:gold_ore":3,"minecraft:oak_leaves":2,"minecraft:deepslate":12},"minecraft:custom":{"minecraft:interact_with_furnace":19,"minecraft:mob_kills":15,"minecraft:interact_with_crafting_table":9,"minecraft:leave_game":1,"minecraft:time_since_death":37517,"minecraft:sleep_in_bed":2,"minecraft:time_since_rest":10652,"minecraft:sprint_one_cm":56825,"minecraft:damage_taken":204,"minecraft:walk_one_cm":92394,"minecraft:damage_blocked_by_shield":283,"minecraft:drop":1,"minecraft:damage_dealt":2256,"minecraft:swim_one_cm":250,"minecraft:fly_one_cm":50926,"minecraft:crouch_one_cm":11047,"minecraft:play_time":37517,"minecraft:sneak_time":4387,"minecraft:walk_under_water_one_cm":1167,"minecraft:jump":592,"minecraft:walk_on_water_one_cm":2514,"minecraft:total_world_time":37517,"minecraft:fall_one_cm":11968},"minecraft:crafted":{"minecraft:cooked_beef":2,"minecraft:oak_planks":40,"minecraft:cooked_porkchop":2,"minecraft:crafting_table":1,"minecraft:iron_helmet":1,"minecraft:wooden_pickaxe":1,"minecraft:cooked_chicken":2,"minecraft:furnace":1,"minecraft:stone_axe":1,"minecraft:cooked_mutton":6,"minecraft:air":0,"minecraft:iron_boots":1,"minecraft:iron_chestplate":1,"minecraft:shield":1,"minecraft:stick":8,"minecraft:iron_ingot":22,"minecraft:iron_pickaxe":1,"minecraft:stone_pickaxe":1,"minecraft:gold_ingot":3,"minecraft:white_bed":1},"minecraft:used":{"minecraft:stone_pickaxe":131,"minecraft:wooden_pickaxe":6,"minecraft:shield":7,"minecraft:cooked_chicken":2,"minecraft:torch":13,"minecraft:glow_berries":6,"minecraft:dirt":1,"minecraft:crafting_table":2,"minecraft:white_bed":3,"minecraft:granite":5,"minecraft:iron_pickaxe":79,"minecraft:stone_axe":20,"minecraft:cobblestone":50,"minecraft:furnace":1,"minecraft:cooked_beef":1,"minecraft:cobbled_deepslate":8},"minecraft:dropped":{"minecraft:wooden_pickaxe":1},"minecraft:broken":{"minecraft:stone_pickaxe":1},"minecraft:killed":{"minecraft:pig":1,"minecraft:creeper":1,"minecraft:sheep":3,"minecraft:skeleton":4,"minecraft:zombie":3,"minecraft:chicken":2,"minecraft:cow":1},"minecraft:picked_up":{"minecraft:crafting_table":1,"minecraft:feather":3,"minecraft:chicken":2,"minecraft:oak_log":10,"minecraft:string":9,"minecraft:dirt":1,"minecraft:bone":7,"minecraft:wheat_seeds":1,"minecraft:cobbled_deepslate":16,"minecraft:raw_gold":15,"minecraft:beef":2,"minecraft:raw_iron":25,"minecraft:porkchop":2,"minecraft:white_bed":2,"minecraft:arrow":5,"minecraft:rotten_flesh":3,"minecraft:diamond":11,"minecraft:granite":7,"minecraft:mutton":6,"minecraft:coal":36,"minecraft:white_wool":3,"minecraft:cobblestone":107}},"DataVersion":3700}