{"stats":{"minecraft:mined":{"minecraft:white_bed":5,"minecraft:deepslate_diamond_ore":18,"minecraft:oak_fence":7,"minecraft:crafting_table":5,"minecraft:torch":3,"minecraft:granite":7,"minecraft:short_grass":9,"minecraft:tall_grass":7,"minecraft:cobblestone":13,"minecraft:deepslate_gold_ore":41,"minecraft:oak_planks":7,"minecraft:furnace":2,"minecraft:iron_ore":18,"minecraft:cobbled_deepslate":6,"minecraft:deepslate_lapis_ore":9,"minecraft:coal_ore":36,"minecraft:oak_log":10,"minecraft:deepslate_iron_ore":22,"minecraft:dirt":1,"minecraft:cobweb":59,"minecraft:stone":104,"minecraft:gold_ore":3,"minecraft:oak_leaves":2,"minecraft:deepslate":54},"minecraft:custom":{"minecraft:interact_with_furnace":36,"minecraft:mob_kills":34,"minecraft:interact_with_crafting_table":15,"minecraft:leave_game":1,"minecraft:time_since_death":20252,"minecraft:sleep_in_bed":3,"minecraft:time_since_rest":20320,"minecraft:sprint_one_cm":138635,"minecraft:damage_taken":1252,"minecraft:walk_one_cm":198905,"minecraft:damage_blocked_by_shield":1493,"minecraft:drop":5,"minecraft:damage_dealt":5465,"minecraft:swim_one_cm":11625,"minecraft:fly_one_cm":116232,"minecraft:crouch_one_cm":14828,"minecraft:play_time":73517,"minecraft:deaths":1,"minecraft:sneak_time":6273,"minecraft:walk_under_water_one_cm":6730,"minecraft:jump":1230,"minecraft:walk_on_water_one_cm":5789,"minecraft:total_world_time":73517,"minecraft:fall_one_cm":27649},"minecraft:crafted":{"minecraft:cooked_beef":2,"minecraft:oak_planks":40,"minecraft:cooked_porkchop":2,"minecraft:diamond_axe":1,"minecraft:crafting_table":1,"minecraft:iron_helmet":1,"minecraft:wooden_pickaxe":1,"minecraft:cooked_chicken":2,"minecraft:furnace":1,"minecraft:bucket":1,"minecraft:stone_axe":1,"minecraft:cooked_mutton":6,"minecraft:air":0,"minecraft:iron_boots":1,"minecraft:iron_chestplate":1,"minecraft:shield":1,"minecraft:stick":20,"minecraft:iron_ingot":39,"minecraft:iron_pickaxe":1,"minecraft:stone_pickaxe":1,"minecraft:stone_sword":1,"minecraft:iron_leggings":1,"minecraft:gold_ingot":44,"minecraft:white_bed":1,"minecraft:torch":36},"minecraft:used":{"minecraft:oak_fence":6,"minecraft:cooked_mutton":6,"minecraft:stone_sword":67,"minecraft:powered_rail":1,"minecraft:stone_pickaxe":131,"minecraft:oak_planks":4,"minecraft:wooden_pickaxe":6,"minecraft:shield":95,"minecraft:diamond_axe":58,"minecraft:cooked_chicken":2,"minecraft:torch":51,"minecraft:glow_berries":12,"minecraft:dirt":1,"minecraft:crafting_table":5,"minecraft:white_bed":5,"minecraft:tuff":1,"minecraft:granite":5,"minecraft:lava_bucket":3,"minecraft:iron_pickaxe":198,"minecraft:iron_boots":1,"minecraft:stone_axe":20,"minecraft:cobblestone":83,"minecraft:furnace":2,"minecraft:cooked_porkchop":2,"minecraft:bucket":4,"minecraft:egg":1,"minecraft:cooked_beef":2,"minecraft:cobbled_deepslate":18,"minecraft:iron_leggings":1},"minecraft:dropped":{"minecraft:stone_axe":1,"minecraft:wheat_seeds":1,"minecraft:spider_eye":1,"minecraft:wooden_pickaxe":1,"minecraft:iron_pickaxe":1},"minecraft:killed_by":{"minecraft:cave_spider":1},"minecraft:broken":{"minecraft:stone_pickaxe":1},"minecraft:killed":{"minecraft:cave_spider":10,"minecraft:pig":1,"minecraft:creeper":1,"minecraft:sheep":3,"minecraft:skeleton":6,"minecraft:zombie":10,"minecraft:chicken":2,"minecraft:cow":1},"minecraft:picked_up":{"minecraft:iron_chestplate":1,"minecraft:crafting_table":6,"minecraft:feather":6,"minecraft:chicken":2,"minecraft:tuff":2,"minecraft:oak_log":10,"minecraft:shield":1,"minecraft:lapis_lazuli":58,"minecraft:string":90,"minecraft:dirt":1,"minecraft:name_tag":1,"minecraft:cooked_mutton":4,"minecraft:bone":20,"minecraft:wheat_seeds":2,"minecraft:cobbled_deepslate":87,"minecraft:raw_gold":79,"minecraft:iron_ingot":5,"minecraft:beef":2,"minecraft:iron_pickaxe":3,"minecraft:powered_rail":1,"minecraft:oak_planks":25,"minecraft:iron_boots":1,"minecraft:egg":1,"minecraft:furnace":3,"minecraft:stick":2,"minecraft:raw_iron":53,"minecraft:cooked_porkchop":2,"minecraft:oak_fence":6,"minecraft:torch":16,"minecraft:lava_bucket":1,"minecraft:porkchop":2,"minecraft:white_bed":6,"minecraft:spider_eye":4,"minecraft:arrow":16,"minecraft:rotten_flesh":20,"minecraft:diamond":35,"minecraft:iron_helmet":1,"minecraft:diamond_axe":1,"minecraft:granite":9,"minecraft:golden_apple":1,"minecraft:gold_ingot":3,"minecraft:glow_berries":1,"minecraft:mutton":6,"minecraft:coal":115,"minecraft:white_wool":3,"minecraft:cobblestone":135}},"DataVersion":3700}