{"stats":{"minecraft:custom":{"minecraft:mob_kills":103,"minecraft:interact_with_crafting_table":41,"minecraft:leave_game":1,"minecraft:time_since_death":134252,"minecraft:sprint_one_cm":326066,"minecraft:walk_one_cm":475955,"minecraft:damage_blocked_by_shield":1979,"minecraft:drop":45,"minecraft:play_time":187517,"minecraft:deaths":1,"minecraft:sneak_time":11702,"minecraft:walk_under_water_one_cm":14109,"minecraft:jump":3097,"minecraft:walk_on_water_one_cm":39663,"minecraft:total_world_time":187517,"minecraft:interact_with_furnace":77,"minecraft:sleep_in_bed":6,"minecraft:time_since_rest":5713,"minecraft:damage_taken":2213,"minecraft:damage_dealt":17745,"minecraft:swim_one_cm":12687,"minecraft:fly_one_cm":379418,"minecraft:open_chest":35,"minecraft:crouch_one_cm":31517,"minecraft:fall_one_cm":68814},"minecraft:crafted":{"minecraft:oak_planks":68,"minecraft:cooked_chicken":3,"minecraft:furnace":2,"minecraft:flint_and_steel":1,"minecraft:cooked_mutton":9,"minecraft:diamond_helmet":1,"minecraft:bow":1,"minecraft:diamond_leggings":1,"minecraft:iron_boots":1,"minecraft:iron_hoe":1,"minecraft:stone_pickaxe":1,"minecraft:chest":4,"minecraft:diamond_boots":1,"minecraft:golden_boots":1,"minecraft:cooked_beef":28,"minecraft:cooked_porkchop":11,"minecraft:diamond_axe":1,"minecraft:crafting_table":1,"minecraft:wooden_pickaxe":1,"minecraft:iron_helmet":1,"minecraft:iron_sword":1,"minecraft:bucket":1,"minecraft:stone_axe":1,"minecraft:air":0,"minecraft:iron_chestplate":1,"minecraft:diamond_pickaxe":1,"minecraft:shield":1,"minecraft:stick":40,"minecraft:iron_ingot":71,"minecraft:iron_pickaxe":2,"minecraft:stone_sword":1,"minecraft:iron_shovel":1,"minecraft:gold_ingot":50,"minecraft:iron_leggings":1,"minecraft:white_bed":1,"minecraft:torch":40,"minecraft:diamond_chestplate":1},"minecraft:mined":{"minecraft:nether_gold_ore":3,"minecraft:white_bed":5,"minecraft:deepslate_diamond_ore":36,"minecraft:obsidian":14,"minecraft:granite":7,"minecraft:budding_amethyst":1,"minecraft:grass_block":33,"minecraft:furnace":3,"minecraft:fire":1,"minecraft:iron_ore":43,"minecraft:cobbled_deepslate":22,"minecraft:deepslate_lapis_ore":14,"minecraft:deepslate_iron_ore":28,"minecraft:stone":172,"minecraft:amethyst_cluster":1,"minecraft:crafting_table":8,"minecraft:oak_fence":7,"minecraft:torch":5,"minecraft:short_grass":12,"minecraft:emerald_ore":1,"minecraft:calcite":3,"minecraft:chest":1,"minecraft:nether_quartz_ore":3,"minecraft:tall_grass":7,"minecraft:cobblestone":54,"minecraft:deepslate_gold_ore":47,"minecraft:oak_planks":7,"minecraft:wall_torch":1,"minecraft:amethyst_block":320,"minecraft:oak_log":48,"minecraft:coal_ore":207,"minecraft:gravel":36,"minecraft:dirt":35,"minecraft:cobweb":65,"minecraft:smooth_basalt":3,"minecraft:netherrack":262,"minecraft:gold_ore":3,"minecraft:oak_leaves":9,"minecraft:deepslate":78},"minecraft:used":{"minecraft:oak_fence":6,"minecraft:stone_sword":70,"minecraft:iron_shovel":50,"minecraft:flint_and_steel":2,"minecraft:chest":5,"minecraft:shield":111,"minecraft:iron_sword":27,"minecraft:cooked_chicken":3,"minecraft:rotten_flesh":27,"minecraft:netherrack":245,"minecraft:torch":87,"minecraft:dirt":32,"minecraft:carrot":1,"minecraft:diamond_helmet":1,"minecraft:tuff":1,"minecraft:granite":5,"minecraft:obsidian":14,"minecraft:iron_hoe":1,"minecraft:lava_bucket":3,"minecraft:iron_boots":1,"minecraft:furnace":5,"minecraft:egg":1,"minecraft:cooked_beef":9,"minecraft:cobbled_deepslate":59,"minecraft:iron_leggings":1,"minecraft:golden_boots":1,"minecraft:cooked_mutton":6,"minecraft:water_bucket":11,"minecraft:stone_pickaxe":131,"minecraft:powered_rail":1,"minecraft:oak_planks":4,"minecraft:wooden_pickaxe":6,"minecraft:diamond_axe":240,"minecraft:glow_berries":12,"minecraft:crafting_table":9,"minecraft:white_bed":6,"minecraft:diamond_pickaxe":440,"minecraft:apple":1,"minecraft:bread":1,"minecraft:iron_pickaxe":750,"minecraft:gravel":35,"minecraft:stone_axe":20,"minecraft:cobblestone":187,"minecraft:cooked_porkchop":2,"minecraft:bucket":15,"minecraft:diamond_leggings":1},"minecraft:dropped":{"minecraft:wheat_seeds":1,"minecraft:iron_helmet":1,"minecraft:granite":2,"minecraft:stick":4,"minecraft:iron_leggings":1,"minecraft:amethyst_shard":4,"minecraft:iron_pickaxe":1,"minecraft:gold_ingot":46,"minecraft:stone_axe":1,"minecraft:iron_boots":1,"minecraft:gunpowder":8,"minecraft:iron_chestplate":1,"minecraft:spider_eye":5,"minecraft:wooden_pickaxe":1,"minecraft:calcite":3},"minecraft:killed_by":{"minecraft:cave_spider":1},"minecraft:broken":{"minecraft:stone_sword":1,"minecraft:stone_pickaxe":1,"minecraft:iron_pickaxe":3},"minecraft:killed":{"minecraft:cave_spider":10,"minecraft:witch":2,"minecraft:spider":8,"minecraft:skeleton":19,"minecraft:chicken":3,"minecraft:pig":5,"minecraft:creeper":9,"minecraft:sheep":5,"minecraft:zombie":27,"minecraft:enderman":2,"minecraft:cow":12},"minecraft:picked_up":{"minecraft:crafting_table":9,"minecraft:iron_chestplate":1,"minecraft:splash_potion":1,"minecraft:chicken":3,"minecraft:enchanted_book":1,"minecraft:potion":4,"minecraft:nether_brick":23,"minecraft:shield":1,"minecraft:amethyst_block":320,"minecraft:string":125,"minecraft:blackstone":70,"minecraft:gold_nugget":12,"minecraft:cobbled_deepslate":137,"minecraft:beef":28,"minecraft:calcite":6,"minecraft:iron_nugget":78,"minecraft:iron_pickaxe":3,"minecraft:chest":1,"minecraft:furnace":4,"minecraft:iron_boots":1,"minecraft:egg":1,"minecraft:stick":10,"minecraft:raw_iron":84,"minecraft:oak_fence":6,"minecraft:torch":21,"minecraft:fire_charge":2,"minecraft:porkchop":11,"minecraft:carrot":1,"minecraft:redstone":2,"minecraft:arrow":25,"minecraft:rotten_flesh":35,"minecraft:gold_ingot":3,"minecraft:obsidian":18,"minecraft:glow_berries":1,"minecraft:mutton":9,"minecraft:white_wool":4,"minecraft:cobblestone":242,"minecraft:feather":7,"minecraft:glow_ink_sac":4,"minecraft:leather":32,"minecraft:flint":3,"minecraft:oak_log":48,"minecraft:tuff":3,"minecraft:gunpowder":12,"minecraft:lapis_lazuli":90,"minecraft:dirt":92,"minecraft:name_tag":1,"minecraft:cooked_mutton":4,"minecraft:bone":32,"minecraft:apple":2,"minecraft:bow":1,"minecraft:wheat_seeds":2,"minecraft:raw_gold":85,"minecraft:iron_ingot":6,"minecraft:powered_rail":1,"minecraft:soul_sand":25,"minecraft:oak_planks":25,"minecraft:smooth_basalt":2,"minecraft:cooked_porkchop":2,"minecraft:quartz":16,"minecraft:gravel":45,"minecraft:lava_bucket":1,"minecraft:amethyst_shard":8,"minecraft:white_bed":6,"minecraft:crying_obsidian":3,"minecraft:spectral_arrow":26,"minecraft:spider_eye":6,"minecraft:sugar":2,"minecraft:diamond":53,"minecraft:granite":9,"minecraft:iron_helmet":1,"minecraft:diamond_axe":1,"minecraft:golden_apple":1,"minecraft:emerald":1,"minecraft:oak_sapling":5,"minecraft:black_wool":1,"minecraft:netherrack":262,"minecraft:coal":311,"minecraft:ender_pearl":1}},"DataVersion":3700}