{"stats":{"minecraft:custom":{"minecraft:mob_kills":65,"minecraft:interact_with_crafting_table":31,"minecraft:leave_game":1,"minecraft:time_since_death":86252,"minecraft:sprint_one_cm":229153,"minecraft:walk_one_cm":345324,"minecraft:damage_blocked_by_shield":1678,"minecraft:drop":45,"minecraft:play_time":139517,"minecraft:deaths":1,"minecraft:sneak_time":10428,"minecraft:walk_under_water_one_cm":6894,"minecraft:jump":2112,"minecraft:walk_on_water_one_cm":24329,"minecraft:total_world_time":139517,"minecraft:interact_with_furnace":41,"minecraft:sleep_in_bed":3,"minecraft:time_since_rest":86320,"minecraft:damage_taken":1691,"minecraft:damage_dealt":10622,"minecraft:swim_one_cm":11625,"minecraft:fly_one_cm":231568,"minecraft:open_chest":12,"minecraft:crouch_one_cm":27842,"minecraft:fall_one_cm":43802},"minecraft:crafted":{"minecraft:oak_planks":44,"minecraft:cooked_chicken":2,"minecraft:furnace":1,"minecraft:flint_and_steel":1,"minecraft:cooked_mutton":6,"minecraft:diamond_helmet":1,"minecraft:diamond_leggings":1,"minecraft:iron_boots":1,"minecraft:stone_pickaxe":1,"minecraft:chest":2,"minecraft:diamond_boots":1,"minecraft:golden_boots":1,"minecraft:cooked_beef":2,"minecraft:cooked_porkchop":2,"minecraft:diamond_axe":1,"minecraft:crafting_table":1,"minecraft:wooden_pickaxe":1,"minecraft:iron_helmet":1,"minecraft:iron_sword":1,"minecraft:bucket":1,"minecraft:stone_axe":1,"minecraft:air":0,"minecraft:iron_chestplate":1,"minecraft:diamond_pickaxe":1,"minecraft:shield":1,"minecraft:stick":28,"minecraft:iron_ingot":53,"minecraft:iron_pickaxe":2,"minecraft:stone_sword":1,"minecraft:gold_ingot":50,"minecraft:iron_leggings":1,"minecraft:white_bed":1,"minecraft:torch":36,"minecraft:diamond_chestplate":1},"minecraft:mined":{"minecraft:nether_gold_ore":3,"minecraft:white_bed":5,"minecraft:deepslate_diamond_ore":32,"minecraft:obsidian":14,"minecraft:granite":7,"minecraft:budding_amethyst":1,"minecraft:grass_block":3,"minecraft:furnace":3,"minecraft:fire":1,"minecraft:iron_ore":18,"minecraft:cobbled_deepslate":22,"minecraft:deepslate_lapis_ore":10,"minecraft:deepslate_iron_ore":28,"minecraft:stone":105,"minecraft:amethyst_cluster":1,"minecraft:crafting_table":8,"minecraft:oak_fence":7,"minecraft:torch":5,"minecraft:short_grass":10,"minecraft:emerald_ore":1,"minecraft:calcite":3,"minecraft:nether_quartz_ore":3,"minecraft:tall_grass":7,"minecraft:cobblestone":33,"minecraft:deepslate_gold_ore":47,"minecraft:oak_planks":7,"minecraft:wall_torch":1,"minecraft:amethyst_block":320,"minecraft:oak_log":22,"minecraft:coal_ore":36,"minecraft:gravel":36,"minecraft:dirt":1,"minecraft:cobweb":65,"minecraft:smooth_basalt":3,"minecraft:netherrack":262,"minecraft:gold_ore":3,"minecraft:oak_leaves":2,"minecraft:deepslate":76},"minecraft:used":{"minecraft:oak_fence":6,"minecraft:stone_sword":70,"minecraft:flint_and_steel":2,"minecraft:chest":2,"minecraft:shield":102,"minecraft:iron_sword":19,"minecraft:cooked_chicken":2,"minecraft:rotten_flesh":26,"minecraft:netherrack":245,"minecraft:torch":86,"minecraft:dirt":1,"minecraft:diamond_helmet":1,"minecraft:tuff":1,"minecraft:granite":5,"minecraft:obsidian":14,"minecraft:lava_bucket":3,"minecraft:iron_boots":1,"minecraft:furnace":4,"minecraft:egg":1,"minecraft:cooked_beef":2,"minecraft:cobbled_deepslate":59,"minecraft:iron_leggings":1,"minecraft:golden_boots":1,"minecraft:cooked_mutton":6,"minecraft:water_bucket":7,"minecraft:stone_pickaxe":131,"minecraft:powered_rail":1,"minecraft:oak_planks":4,"minecraft:wooden_pickaxe":6,"minecraft:diamond_axe":132,"minecraft:glow_berries":12,"minecraft:crafting_table":9,"minecraft:white_bed":6,"minecraft:diamond_pickaxe":146,"minecraft:bread":1,"minecraft:iron_pickaxe":750,"minecraft:gravel":35,"minecraft:stone_axe":20,"minecraft:cobblestone":101,"minecraft:cooked_porkchop":2,"minecraft:bucket":11,"minecraft:diamond_leggings":1},"minecraft:dropped":{"minecraft:wheat_seeds":1,"minecraft:iron_helmet":1,"minecraft:granite":2,"minecraft:stick":4,"minecraft:iron_leggings":1,"minecraft:amethyst_shard":4,"minecraft:iron_pickaxe":1,"minecraft:gold_ingot":46,"minecraft:stone_axe":1,"minecraft:iron_boots":1,"minecraft:gunpowder":8,"minecraft:iron_chestplate":1,"minecraft:spider_eye":5,"minecraft:wooden_pickaxe":1,"minecraft:calcite":3},"minecraft:killed_by":{"minecraft:cave_spider":1},"minecraft:broken":{"minecraft:stone_sword":1,"minecraft:stone_pickaxe":1,"minecraft:iron_pickaxe":3},"minecraft:killed":{"minecraft:cave_spider":10,"minecraft:spider":5,"minecraft:skeleton":13,"minecraft:chicken":3,"minecraft:pig":1,"minecraft:creeper":4,"minecraft:sheep":5,"minecraft:zombie":22,"minecraft:cow":1},"minecraft:picked_up":{"minecraft:crafting_table":9,"minecraft:iron_chestplate":1,"minecraft:splash_potion":1,"minecraft:chicken":3,"minecraft:enchanted_book":1,"minecraft:potion":4,"minecraft:nether_brick":23,"minecraft:shield":1,"minecraft:amethyst_block":320,"minecraft:string":123,"minecraft:blackstone":70,"minecraft:gold_nugget":12,"minecraft:cobbled_deepslate":123,"minecraft:beef":2,"minecraft:calcite":6,"minecraft:iron_nugget":78,"minecraft:iron_pickaxe":3,"minecraft:furnace":4,"minecraft:iron_boots":1,"minecraft:egg":1,"minecraft:stick":4,"minecraft:raw_iron":59,"minecraft:oak_fence":6,"minecraft:torch":20,"minecraft:fire_charge":2,"minecraft:porkchop":2,"minecraft:carrot":1,"minecraft:arrow":20,"minecraft:rotten_flesh":33,"minecraft:gold_ingot":3,"minecraft:obsidian":18,"minecraft:glow_berries":1,"minecraft:mutton":9,"minecraft:white_wool":4,"minecraft:cobblestone":156,"minecraft:feather":7,"minecraft:leather":21,"minecraft:flint":2,"minecraft:oak_log":22,"minecraft:tuff":2,"minecraft:gunpowder":8,"minecraft:lapis_lazuli":64,"minecraft:dirt":1,"minecraft:name_tag":1,"minecraft:cooked_mutton":4,"minecraft:bone":27,"minecraft:bow":1,"minecraft:wheat_seeds":2,"minecraft:raw_gold":85,"minecraft:iron_ingot":6,"minecraft:powered_rail":1,"minecraft:soul_sand":25,"minecraft:oak_planks":25,"minecraft:smooth_basalt":2,"minecraft:cooked_porkchop":2,"minecraft:quartz":16,"minecraft:gravel":45,"minecraft:lava_bucket":1,"minecraft:amethyst_shard":8,"minecraft:white_bed":6,"minecraft:crying_obsidian":3,"minecraft:spectral_arrow":26,"minecraft:spider_eye":5,"minecraft:diamond":49,"minecraft:granite":9,"minecraft:iron_helmet":1,"minecraft:diamond_axe":1,"minecraft:golden_apple":1,"minecraft:emerald":1,"minecraft:black_wool":1,"minecraft:netherrack":262,"minecraft:coal":140}},"DataVersion":3700}