{"stats":{"minecraft:mined":{"minecraft:white_bed":1,"minecraft:iron_ore":18,"minecraft:crafting_table":1,"minecraft:granite":7,"minecraft:short_grass":8,"minecraft:oak_log":10,"minecraft:coal_ore":36,"minecraft:dirt":1,"minecraft:tall_grass":7,"minecraft:cobblestone":1,"minecraft:stone":94,"minecraft:gold_ore":3,"minecraft:oak_leaves":2},"minecraft:custom":{"minecraft:time_since_rest":17133,"minecraft:interact_with_furnace":10,"minecraft:sprint_one_cm":24385,"minecraft:damage_taken":40,"minecraft:walk_one_cm":53892,"minecraft:mob_kills":7,"minecraft:drop":1,"minecraft:damage_dealt":520,"minecraft:swim_one_cm":250,"minecraft:interact_with_crafting_table":6,"minecraft:fly_one_cm":33952,"minecraft:crouch_one_cm":7708,"minecraft:play_time":25517,"minecraft:sneak_time":3111,"minecraft:walk_under_water_one_cm":1167,"minecraft:jump":352,"minecraft:leave_game":1,"minecraft:walk_on_water_one_cm":2514,"minecraft:time_since_death":25517,"minecraft:sleep_in_bed":1,"minecraft:total_world_time":25517,"minecraft:fall_one_cm":8463},"minecraft:crafted":{"minecraft:cooked_beef":2,"minecraft:oak_planks":40,"minecraft:crafting_table":1,"minecraft:stick":8,"minecraft:cooked_chicken":2,"minecraft:iron_pickaxe":1,"minecraft:iron_ingot":14,"minecraft:wooden_pickaxe":1,"minecraft:stone_pickaxe":1,"minecraft:gold_ingot":2,"minecraft:furnace":1,"minecraft:white_bed":1,"minecraft:stone_axe":1,"minecraft:cooked_mutton":6,"minecraft:air":0},"minecraft:used":{"minecraft:stone_pickaxe":131,"minecraft:iron_pickaxe":22,"minecraft:wooden_pickaxe":6,"minecraft:cooked_chicken":1,"minecraft:stone_axe":1,"minecraft:dirt":1,"minecraft:cobblestone":44,"minecraft:crafting_table":2,"minecraft:furnace":1,"minecraft:white_bed":1,"minecraft:granite":2},"minecraft:dropped":{"minecraft:wooden_pickaxe":1},"minecraft:broken":{"minecraft:stone_pickaxe":1},"minecraft:killed":{"minecraft:sheep":3,"minecraft:pig":1,"minecraft:chicken":2,"minecraft:cow":1},"minecraft:picked_up":{"minecraft:raw_iron":18,"minecraft:crafting_table":1,"minecraft:feather":3,"minecraft:chicken":2,"minecraft:porkchop":2,"minecraft:oak_log":10,"minecraft:white_bed":1,"minecraft:dirt":1,"minecraft:wheat_seeds":1,"minecraft:raw_gold":3,"minecraft:granite":7,"minecraft:beef":2,"minecraft:mutton":6,"minecraft:coal":36,"minecraft:white_wool":3,"minecraft:cobblestone":95}},"DataVersion":3700}