{"stats":{"minecraft:custom":{"minecraft:mob_kills":49,"minecraft:interact_with_crafting_table":25,"minecraft:leave_game":1,"minecraft:time_since_death":50252,"minecraft:sprint_one_cm":179317,"minecraft:walk_one_cm":278088,"minecraft:damage_blocked_by_shield":1603,"minecraft:drop":18,"minecraft:play_time":103517,"minecraft:deaths":1,"minecraft:sneak_time":6915,"minecraft:walk_under_water_one_cm":6894,"minecraft:jump":1536,"minecraft:walk_on_water_one_cm":8177,"minecraft:total_world_time":103517,"minecraft:interact_with_furnace":36,"minecraft:sleep_in_bed":3,"minecraft:time_since_rest":50320,"minecraft:damage_taken":1454,"minecraft:damage_dealt":8012,"minecraft:swim_one_cm":11625,"minecraft:fly_one_cm":154360,"minecraft:open_chest":1,"minecraft:crouch_one_cm":16330,"minecraft:fall_one_cm":32625},"minecraft:crafted":{"minecraft:oak_planks":40,"minecraft:cooked_chicken":2,"minecraft:furnace":1,"minecraft:cooked_mutton":6,"minecraft:diamond_helmet":1,"minecraft:diamond_leggings":1,"minecraft:iron_boots":1,"minecraft:stone_pickaxe":1,"minecraft:diamond_boots":1,"minecraft:cooked_beef":2,"minecraft:cooked_porkchop":2,"minecraft:diamond_axe":1,"minecraft:crafting_table":1,"minecraft:wooden_pickaxe":1,"minecraft:iron_helmet":1,"minecraft:iron_sword":1,"minecraft:bucket":1,"minecraft:stone_axe":1,"minecraft:air":0,"minecraft:iron_chestplate":1,"minecraft:diamond_pickaxe":1,"minecraft:shield":1,"minecraft:stick":28,"minecraft:iron_ingot":39,"minecraft:iron_pickaxe":2,"minecraft:stone_sword":1,"minecraft:gold_ingot":44,"minecraft:iron_leggings":1,"minecraft:white_bed":1,"minecraft:torch":36,"minecraft:diamond_chestplate":1},"minecraft:mined":{"minecraft:white_bed":5,"minecraft:deepslate_diamond_ore":29,"minecraft:granite":7,"minecraft:budding_amethyst":1,"minecraft:furnace":2,"minecraft:iron_ore":18,"minecraft:cobbled_deepslate":9,"minecraft:deepslate_lapis_ore":10,"minecraft:deepslate_iron_ore":28,"minecraft:stone":104,"minecraft:amethyst_cluster":1,"minecraft:crafting_table":7,"minecraft:oak_fence":7,"minecraft:torch":5,"minecraft:short_grass":9,"minecraft:calcite":3,"minecraft:tall_grass":7,"minecraft:cobblestone":15,"minecraft:deepslate_gold_ore":46,"minecraft:oak_planks":7,"minecraft:wall_torch":1,"minecraft:amethyst_block":320,"minecraft:oak_log":22,"minecraft:coal_ore":36,"minecraft:dirt":1,"minecraft:cobweb":65,"minecraft:smooth_basalt":3,"minecraft:gold_ore":3,"minecraft:oak_leaves":2,"minecraft:deepslate":70},"minecraft:used":{"minecraft:oak_fence":6,"minecraft:stone_sword":70,"minecraft:shield":99,"minecraft:iron_sword":19,"minecraft:cooked_chicken":2,"minecraft:rotten_flesh":9,"minecraft:torch":85,"minecraft:dirt":1,"minecraft:diamond_helmet":1,"minecraft:tuff":1,"minecraft:granite":5,"minecraft:lava_bucket":3,"minecraft:iron_boots":1,"minecraft:furnace":2,"minecraft:egg":1,"minecraft:cooked_beef":2,"minecraft:cobbled_deepslate":40,"minecraft:iron_leggings":1,"minecraft:cooked_mutton":6,"minecraft:stone_pickaxe":131,"minecraft:powered_rail":1,"minecraft:oak_planks":4,"minecraft:wooden_pickaxe":6,"minecraft:diamond_axe":98,"minecraft:glow_berries":12,"minecraft:crafting_table":8,"minecraft:white_bed":5,"minecraft:bread":1,"minecraft:iron_pickaxe":570,"minecraft:stone_axe":20,"minecraft:cobblestone":83,"minecraft:cooked_porkchop":2,"minecraft:bucket":4,"minecraft:diamond_leggings":1},"minecraft:dropped":{"minecraft:wheat_seeds":1,"minecraft:iron_helmet":1,"minecraft:granite":2,"minecraft:stick":2,"minecraft:iron_leggings":1,"minecraft:amethyst_shard":4,"minecraft:iron_pickaxe":1,"minecraft:stone_axe":1,"minecraft:iron_boots":1,"minecraft:gunpowder":6,"minecraft:iron_chestplate":1,"minecraft:spider_eye":4,"minecraft:wooden_pickaxe":1,"minecraft:calcite":3},"minecraft:killed_by":{"minecraft:cave_spider":1},"minecraft:broken":{"minecraft:stone_sword":1,"minecraft:stone_pickaxe":1,"minecraft:iron_pickaxe":2},"minecraft:killed":{"minecraft:cave_spider":10,"minecraft:spider":1,"minecraft:skeleton":10,"minecraft:chicken":2,"minecraft:pig":1,"minecraft:creeper":2,"minecraft:sheep":3,"minecraft:zombie":18,"minecraft:cow":1},"minecraft:picked_up":{"minecraft:crafting_table":8,"minecraft:iron_chestplate":1,"minecraft:chicken":2,"minecraft:shield":1,"minecraft:amethyst_block":320,"minecraft:string":96,"minecraft:cobbled_deepslate":104,"minecraft:beef":2,"minecraft:calcite":6,"minecraft:iron_pickaxe":3,"minecraft:furnace":3,"minecraft:iron_boots":1,"minecraft:egg":1,"minecraft:stick":4,"minecraft:raw_iron":59,"minecraft:oak_fence":6,"minecraft:torch":20,"minecraft:porkchop":2,"minecraft:carrot":1,"minecraft:arrow":19,"minecraft:rotten_flesh":31,"minecraft:gold_ingot":3,"minecraft:glow_berries":1,"minecraft:mutton":6,"minecraft:white_wool":3,"minecraft:cobblestone":137,"minecraft:feather":6,"minecraft:oak_log":22,"minecraft:tuff":2,"minecraft:gunpowder":6,"minecraft:lapis_lazuli":64,"minecraft:dirt":1,"minecraft:name_tag":1,"minecraft:cooked_mutton":4,"minecraft:bone":24,"minecraft:wheat_seeds":2,"minecraft:raw_gold":84,"minecraft:iron_ingot":6,"minecraft:powered_rail":1,"minecraft:oak_planks":25,"minecraft:smooth_basalt":2,"minecraft:cooked_porkchop":2,"minecraft:lava_bucket":1,"minecraft:amethyst_shard":8,"minecraft:white_bed":6,"minecraft:spider_eye":4,"minecraft:diamond":46,"minecraft:granite":9,"minecraft:iron_helmet":1,"minecraft:diamond_axe":1,"minecraft:golden_apple":1,"minecraft:coal":115}},"DataVersion":3700}